{
    "0": {
        "average_infected_this_step": 0.0,
        "average_total_infected": 0.0004166666666666667
    },
    "1": {
        "average_infected_this_step": 0.8833333333333334,
        "average_total_infected": 1.3
    },
    "2": {
        "average_infected_this_step": 1.7000000000000002,
        "average_total_infected": 3.0000000000000004
    },
    "3": {
        "average_infected_this_step": 2.651666666666667,
        "average_total_infected": 5.651666666666666
    },
    "4": {
        "average_infected_this_step": 3.4466666666666668,
        "average_total_infected": 9.098333333333333
    },
    "5": {
        "average_infected_this_step": 4.26375,
        "average_total_infected": 13.362083333333336
    },
    "6": {
        "average_infected_this_step": 5.013333333333334,
        "average_total_infected": 18.375416666666666
    },
    "7": {
        "average_infected_this_step": 5.604166666666666,
        "average_total_infected": 23.979583333333334
    },
    "8": {
        "average_infected_this_step": 6.0112499999999995,
        "average_total_infected": 29.990833333333335
    },
    "9": {
        "average_infected_this_step": 6.34875,
        "average_total_infected": 36.33958333333334
    },
    "10": {
        "average_infected_this_step": 6.539166666666667,
        "average_total_infected": 42.878750000000004
    },
    "11": {
        "average_infected_this_step": 6.7179166666666665,
        "average_total_infected": 49.596666666666664
    },
    "12": {
        "average_infected_this_step": 6.695833333333333,
        "average_total_infected": 56.292500000000004
    },
    "13": {
        "average_infected_this_step": 6.51375,
        "average_total_infected": 62.806250000000006
    },
    "14": {
        "average_infected_this_step": 6.243333333333333,
        "average_total_infected": 69.04958333333333
    },
    "15": {
        "average_infected_this_step": 5.8125,
        "average_total_infected": 74.86208333333335
    },
    "16": {
        "average_infected_this_step": 5.335263511245384,
        "average_total_infected": 80.02014098690836
    },
    "17": {
        "average_infected_this_step": 4.746690427698574,
        "average_total_infected": 84.54302443991854
    },
    "18": {
        "average_infected_this_step": 4.24154334038055,
        "average_total_infected": 88.19635306553911
    },
    "19": {
        "average_infected_this_step": 3.6234705228031148,
        "average_total_infected": 91.20272525027809
    },
    "20": {
        "average_infected_this_step": 2.995292467948718,
        "average_total_infected": 93.48958333333334
    },
    "21": {
        "average_infected_this_step": 2.4801587301587302,
        "average_total_infected": 95.3152557319224
    },
    "22": {
        "average_infected_this_step": 1.9958770614692651,
        "average_total_infected": 96.686031984008
    },
    "23": {
        "average_infected_this_step": 1.563233568075117,
        "average_total_infected": 97.67165492957747
    },
    "24": {
        "average_infected_this_step": 1.2995594713656387,
        "average_total_infected": 98.38656387665199
    },
    "25": {
        "average_infected_this_step": 1.085299901671583,
        "average_total_infected": 98.92453294001966
    },
    "26": {
        "average_infected_this_step": 0.8026695526695526,
        "average_total_infected": 99.22438672438673
    },
    "27": {
        "average_infected_this_step": 0.6481481481481481,
        "average_total_infected": 99.40393518518519
    },
    "28": {
        "average_infected_this_step": 0.5232558139534884,
        "average_total_infected": 99.52519379844962
    },
    "29": {
        "average_infected_this_step": 0.4343971631205674,
        "average_total_infected": 99.56560283687944
    },
    "30": {
        "average_infected_this_step": 0.4487179487179487,
        "average_total_infected": 99.66346153846153
    },
    "31": {
        "average_infected_this_step": 0.29761904761904767,
        "average_total_infected": 99.67261904761905
    },
    "32": {
        "average_infected_this_step": 0.2314814814814815,
        "average_total_infected": 99.72222222222223
    },
    "33": {
        "average_infected_this_step": 0.3125,
        "average_total_infected": 99.6875
    },
    "34": {
        "average_infected_this_step": 0.4166666666666667,
        "average_total_infected": 99.79166666666667
    },
    "35": {
        "average_infected_this_step": 0.0,
        "average_total_infected": 99.58333333333333
    },
    "36": {
        "average_infected_this_step": 0.0,
        "average_total_infected": 99.58333333333333
    },
    "37": {
        "average_infected_this_step": 0.0,
        "average_total_infected": 99.58333333333333
    },
    "38": {
        "average_infected_this_step": 0.0,
        "average_total_infected": 99.58333333333333
    },
    "39": {
        "average_infected_this_step": 0.4166666666666667,
        "average_total_infected": 100.0
    }
}