{
    "0": {
        "average_infected_this_step": 0.0,
        "average_total_infected": 0.4166666666666667
    },
    "1": {
        "average_infected_this_step": 0.885,
        "average_total_infected": 1.3016666666666667
    },
    "2": {
        "average_infected_this_step": 1.6920833333333334,
        "average_total_infected": 2.99375
    },
    "3": {
        "average_infected_this_step": 2.5920833333333335,
        "average_total_infected": 5.585833333333333
    },
    "4": {
        "average_infected_this_step": 3.5124999999999997,
        "average_total_infected": 9.098333333333333
    },
    "5": {
        "average_infected_this_step": 4.26375,
        "average_total_infected": 13.362083333333336
    },
    "6": {
        "average_infected_this_step": 4.974583333333333,
        "average_total_infected": 18.336666666666666
    },
    "7": {
        "average_infected_this_step": 5.584583333333334,
        "average_total_infected": 23.92125
    },
    "8": {
        "average_infected_this_step": 6.047083333333333,
        "average_total_infected": 29.968333333333337
    },
    "9": {
        "average_infected_this_step": 6.4054166666666665,
        "average_total_infected": 36.37375
    },
    "10": {
        "average_infected_this_step": 6.555,
        "average_total_infected": 42.92875
    },
    "11": {
        "average_infected_this_step": 6.744999999999999,
        "average_total_infected": 49.67375
    },
    "12": {
        "average_infected_this_step": 6.760000000000001,
        "average_total_infected": 56.43375
    },
    "13": {
        "average_infected_this_step": 6.539583333333334,
        "average_total_infected": 62.973333333333336
    },
    "14": {
        "average_infected_this_step": 6.189583333333334,
        "average_total_infected": 69.16291666666667
    },
    "15": {
        "average_infected_this_step": 5.7875000000000005,
        "average_total_infected": 74.95041666666667
    },
    "16": {
        "average_infected_this_step": 5.354104104104104,
        "average_total_infected": 80.27944611277944
    },
    "17": {
        "average_infected_this_step": 4.7139366363329955,
        "average_total_infected": 84.79398382204248
    },
    "18": {
        "average_infected_this_step": 4.112243120863811,
        "average_total_infected": 88.39777081156392
    },
    "19": {
        "average_infected_this_step": 3.5496183206106875,
        "average_total_infected": 91.44129407488187
    },
    "20": {
        "average_infected_this_step": 3.025297619047619,
        "average_total_infected": 93.68204365079364
    },
    "21": {
        "average_infected_this_step": 2.4360236220472444,
        "average_total_infected": 95.47134733158356
    },
    "22": {
        "average_infected_this_step": 1.996278575225944,
        "average_total_infected": 96.49255715045189
    },
    "23": {
        "average_infected_this_step": 1.6551837270341208,
        "average_total_infected": 97.32611548556432
    },
    "24": {
        "average_infected_this_step": 1.361737677527151,
        "average_total_infected": 97.95739348370928
    },
    "25": {
        "average_infected_this_step": 1.1268939393939394,
        "average_total_infected": 98.48079004329003
    },
    "26": {
        "average_infected_this_step": 0.9996177370030581,
        "average_total_infected": 98.85321100917432
    },
    "27": {
        "average_infected_this_step": 0.7899305555555556,
        "average_total_infected": 99.05381944444443
    },
    "28": {
        "average_infected_this_step": 0.6914893617021276,
        "average_total_infected": 99.24202127659574
    },
    "29": {
        "average_infected_this_step": 0.5603448275862069,
        "average_total_infected": 99.33189655172414
    },
    "30": {
        "average_infected_this_step": 0.5405405405405406,
        "average_total_infected": 99.49324324324323
    },
    "31": {
        "average_infected_this_step": 0.5701754385964912,
        "average_total_infected": 99.58333333333333
    },
    "32": {
        "average_infected_this_step": 0.37500000000000006,
        "average_total_infected": 99.58333333333333
    },
    "33": {
        "average_infected_this_step": 0.4861111111111111,
        "average_total_infected": 99.79166666666667
    },
    "34": {
        "average_infected_this_step": 0.27777777777777773,
        "average_total_infected": 99.86111111111111
    },
    "35": {
        "average_infected_this_step": 0.0,
        "average_total_infected": 99.58333333333333
    },
    "36": {
        "average_infected_this_step": 0.4166666666666667,
        "average_total_infected": 100.0
    }
}