{
    "1": {
        "average_infected_this_step": 0.8958333333333334,
        "average_total_infected": 1.3125
    },
    "2": {
        "average_infected_this_step": 1.7374999999999998,
        "average_total_infected": 3.0500000000000003
    },
    "3": {
        "average_infected_this_step": 2.6291666666666664,
        "average_total_infected": 5.679166666666667
    },
    "4": {
        "average_infected_this_step": 3.4041666666666663,
        "average_total_infected": 9.083333333333334
    },
    "5": {
        "average_infected_this_step": 4.475,
        "average_total_infected": 13.558333333333334
    },
    "6": {
        "average_infected_this_step": 5.2,
        "average_total_infected": 18.758333333333336
    },
    "7": {
        "average_infected_this_step": 5.916666666666667,
        "average_total_infected": 24.675
    },
    "8": {
        "average_infected_this_step": 6.183333333333333,
        "average_total_infected": 30.85833333333333
    },
    "9": {
        "average_infected_this_step": 6.616666666666666,
        "average_total_infected": 37.474999999999994
    },
    "10": {
        "average_infected_this_step": 6.541666666666666,
        "average_total_infected": 44.016666666666666
    },
    "11": {
        "average_infected_this_step": 6.875000000000001,
        "average_total_infected": 50.891666666666666
    },
    "12": {
        "average_infected_this_step": 6.749999999999999,
        "average_total_infected": 57.641666666666666
    },
    "13": {
        "average_infected_this_step": 6.520833333333334,
        "average_total_infected": 64.1625
    },
    "14": {
        "average_infected_this_step": 6.2375,
        "average_total_infected": 70.4
    },
    "15": {
        "average_infected_this_step": 5.558333333333334,
        "average_total_infected": 75.95833333333334
    },
    "16": {
        "average_infected_this_step": 4.869528619528619,
        "average_total_infected": 80.58501683501684
    },
    "17": {
        "average_infected_this_step": 4.618055555555555,
        "average_total_infected": 84.59635416666667
    },
    "18": {
        "average_infected_this_step": 4.048245614035087,
        "average_total_infected": 88.48245614035088
    },
    "19": {
        "average_infected_this_step": 3.306159420289855,
        "average_total_infected": 91.41304347826087
    },
    "20": {
        "average_infected_this_step": 2.946078431372549,
        "average_total_infected": 93.65196078431372
    },
    "21": {
        "average_infected_this_step": 2.3903508771929824,
        "average_total_infected": 95.29057017543859
    },
    "22": {
        "average_infected_this_step": 2.083333333333333,
        "average_total_infected": 96.21584699453553
    },
    "23": {
        "average_infected_this_step": 1.9351851851851853,
        "average_total_infected": 96.80555555555556
    },
    "24": {
        "average_infected_this_step": 1.7401960784313726,
        "average_total_infected": 97.51225490196079
    },
    "25": {
        "average_infected_this_step": 1.4655172413793103,
        "average_total_infected": 98.54885057471265
    },
    "26": {
        "average_infected_this_step": 1.2990196078431373,
        "average_total_infected": 98.82352941176471
    },
    "27": {
        "average_infected_this_step": 0.8974358974358974,
        "average_total_infected": 99.35897435897435
    },
    "28": {
        "average_infected_this_step": 0.5555555555555555,
        "average_total_infected": 99.62962962962963
    },
    "29": {
        "average_infected_this_step": 0.5833333333333333,
        "average_total_infected": 99.91666666666667
    },
    "30": {
        "average_infected_this_step": 0.4166666666666667,
        "average_total_infected": 100.0
    }
}