{
    "0": {
        "average_infected_this_step": 0.0,
        "average_total_infected": 0.0004166666666666667
    },
    "1": {
        "average_infected_this_step": 0.88,
        "average_total_infected": 1.2966666666666666
    },
    "2": {
        "average_infected_this_step": 1.7166666666666668,
        "average_total_infected": 3.0133333333333336
    },
    "3": {
        "average_infected_this_step": 2.5700000000000003,
        "average_total_infected": 5.583333333333333
    },
    "4": {
        "average_infected_this_step": 3.450416666666667,
        "average_total_infected": 9.03375
    },
    "5": {
        "average_infected_this_step": 4.2179166666666665,
        "average_total_infected": 13.251666666666667
    },
    "6": {
        "average_infected_this_step": 4.900416666666666,
        "average_total_infected": 18.152083333333334
    },
    "7": {
        "average_infected_this_step": 5.3654166666666665,
        "average_total_infected": 23.5175
    },
    "8": {
        "average_infected_this_step": 5.788333333333333,
        "average_total_infected": 29.305833333333336
    },
    "9": {
        "average_infected_this_step": 6.19625,
        "average_total_infected": 35.50208333333333
    },
    "10": {
        "average_infected_this_step": 6.455833333333333,
        "average_total_infected": 41.95791666666667
    },
    "11": {
        "average_infected_this_step": 6.588333333333334,
        "average_total_infected": 48.54624999999999
    },
    "12": {
        "average_infected_this_step": 6.570833333333333,
        "average_total_infected": 55.11708333333334
    },
    "13": {
        "average_infected_this_step": 6.48625,
        "average_total_infected": 61.603333333333346
    },
    "14": {
        "average_infected_this_step": 6.230833333333333,
        "average_total_infected": 67.83416666666666
    },
    "15": {
        "average_infected_this_step": 5.805000000000001,
        "average_total_infected": 73.63916666666667
    },
    "16": {
        "average_infected_this_step": 5.359411568037445,
        "average_total_infected": 78.91925777331996
    },
    "17": {
        "average_infected_this_step": 4.835448392554991,
        "average_total_infected": 83.49788494077833
    },
    "18": {
        "average_infected_this_step": 4.322320499479709,
        "average_total_infected": 87.40808185917447
    },
    "19": {
        "average_infected_this_step": 3.737221613727638,
        "average_total_infected": 90.48329682365828
    },
    "20": {
        "average_infected_this_step": 3.1365473441108542,
        "average_total_infected": 93.10334872979216
    },
    "21": {
        "average_infected_this_step": 2.574690567648314,
        "average_total_infected": 94.9274434485702
    },
    "22": {
        "average_infected_this_step": 2.09968507751938,
        "average_total_infected": 96.34144864341086
    },
    "23": {
        "average_infected_this_step": 1.6558535178777392,
        "average_total_infected": 97.30103806228372
    },
    "24": {
        "average_infected_this_step": 1.3532448377581119,
        "average_total_infected": 97.90191740412979
    },
    "25": {
        "average_infected_this_step": 1.183142311365807,
        "average_total_infected": 98.46585482330468
    },
    "26": {
        "average_infected_this_step": 1.0227272727272727,
        "average_total_infected": 98.81026170798897
    },
    "27": {
        "average_infected_this_step": 0.7996146435452792,
        "average_total_infected": 99.13535645472061
    },
    "28": {
        "average_infected_this_step": 0.7041666666666666,
        "average_total_infected": 99.20833333333333
    },
    "29": {
        "average_infected_this_step": 0.6041666666666666,
        "average_total_infected": 99.28472222222223
    },
    "30": {
        "average_infected_this_step": 0.5392156862745098,
        "average_total_infected": 99.27696078431372
    },
    "31": {
        "average_infected_this_step": 0.5952380952380953,
        "average_total_infected": 99.42460317460318
    },
    "32": {
        "average_infected_this_step": 0.45138888888888884,
        "average_total_infected": 99.44444444444443
    },
    "33": {
        "average_infected_this_step": 0.4166666666666667,
        "average_total_infected": 99.58333333333333
    },
    "34": {
        "average_infected_this_step": 0.4166666666666667,
        "average_total_infected": 99.75
    },
    "35": {
        "average_infected_this_step": 0.13888888888888887,
        "average_total_infected": 99.72222222222223
    },
    "36": {
        "average_infected_this_step": 0.0,
        "average_total_infected": 99.58333333333333
    },
    "37": {
        "average_infected_this_step": 0.20833333333333334,
        "average_total_infected": 99.79166666666667
    },
    "38": {
        "average_infected_this_step": 0.0,
        "average_total_infected": 99.58333333333333
    },
    "39": {
        "average_infected_this_step": 0.0,
        "average_total_infected": 99.58333333333333
    },
    "40": {
        "average_infected_this_step": 0.0,
        "average_total_infected": 99.58333333333333
    },
    "41": {
        "average_infected_this_step": 0.4166666666666667,
        "average_total_infected": 100.0
    }
}