{
    "0": {
        "average_infected_this_step": 0.0,
        "average_total_infected": 0.4166666666666667
    },
    "1": {
        "average_infected_this_step": 0.8333333333333334,
        "average_total_infected": 1.25
    },
    "2": {
        "average_infected_this_step": 1.4166666666666665,
        "average_total_infected": 2.666666666666667
    },
    "3": {
        "average_infected_this_step": 2.2500000000000004,
        "average_total_infected": 4.916666666666667
    },
    "4": {
        "average_infected_this_step": 3.125,
        "average_total_infected": 8.041666666666666
    },
    "5": {
        "average_infected_this_step": 3.5416666666666665,
        "average_total_infected": 11.583333333333332
    },
    "6": {
        "average_infected_this_step": 4.75,
        "average_total_infected": 16.333333333333336
    },
    "7": {
        "average_infected_this_step": 5.583333333333333,
        "average_total_infected": 21.916666666666668
    },
    "8": {
        "average_infected_this_step": 5.875,
        "average_total_infected": 27.79166666666667
    },
    "9": {
        "average_infected_this_step": 7.000000000000001,
        "average_total_infected": 34.791666666666664
    },
    "10": {
        "average_infected_this_step": 6.791666666666667,
        "average_total_infected": 41.583333333333336
    },
    "11": {
        "average_infected_this_step": 6.916666666666667,
        "average_total_infected": 48.50000000000001
    },
    "12": {
        "average_infected_this_step": 6.25,
        "average_total_infected": 54.75
    },
    "13": {
        "average_infected_this_step": 5.625,
        "average_total_infected": 60.375
    },
    "14": {
        "average_infected_this_step": 6.000000000000001,
        "average_total_infected": 66.375
    },
    "15": {
        "average_infected_this_step": 6.25,
        "average_total_infected": 72.625
    },
    "16": {
        "average_infected_this_step": 7.129629629629629,
        "average_total_infected": 76.71296296296296
    },
    "17": {
        "average_infected_this_step": 5.925925925925926,
        "average_total_infected": 82.6388888888889
    },
    "18": {
        "average_infected_this_step": 5.0,
        "average_total_infected": 85.46875
    },
    "19": {
        "average_infected_this_step": 4.270833333333333,
        "average_total_infected": 89.73958333333333
    },
    "20": {
        "average_infected_this_step": 3.229166666666667,
        "average_total_infected": 92.96875
    },
    "21": {
        "average_infected_this_step": 2.7604166666666665,
        "average_total_infected": 95.72916666666667
    },
    "22": {
        "average_infected_this_step": 2.0238095238095237,
        "average_total_infected": 97.14285714285714
    },
    "23": {
        "average_infected_this_step": 1.1666666666666665,
        "average_total_infected": 97.16666666666666
    },
    "24": {
        "average_infected_this_step": 1.3541666666666667,
        "average_total_infected": 97.8125
    },
    "25": {
        "average_infected_this_step": 1.388888888888889,
        "average_total_infected": 98.47222222222223
    },
    "26": {
        "average_infected_this_step": 2.083333333333333,
        "average_total_infected": 97.5
    },
    "27": {
        "average_infected_this_step": 2.083333333333333,
        "average_total_infected": 99.58333333333333
    },
    "28": {
        "average_infected_this_step": 0.4166666666666667,
        "average_total_infected": 100.0
    }
}